user_id,session_id,clip_id,hr_mean,hr_max,hr_change_from_baseline,hr_slope,hr_recovery,eda_mean,eda_change_from_baseline,eda_peak_count,eda_max_amplitude,eda_slope,eda_recovery
Official_run_1,self_20260531_155844,clip_126,,,,0.0,,0.69929,0.04348,495,0.08719,5.9e-05,-0.0113
Official_run_1,self_20260531_155844,clip_106,,,,0.0,,0.65472,-0.05,35,0.03348,-2.4e-05,-0.0669
Official_run_1,self_20260531_155844,clip_086,,,,0.0,,0.55912,-0.00728,186,0.0444,5.6e-05,-0.1249
Official_run_1,self_20260531_155844,clip_054,,,,0.0,,0.58284,0.03289,428,0.07785,5.1e-05,-0.0073
Official_run_1,self_20260531_155844,clip_069,,,,0.0,,0.49931,-0.07685,2,0.02254,-7.4e-05,-0.1297
Official_run_1,self_20260531_155844,clip_037,,,,0.0,,0.54139,0.07044,579,0.12215,6.3e-05,-0.0097
Official_run_1,self_20260531_155844,clip_012,,,,0.0,,0.4944,-0.08081,0,0.0,1.1e-05,-0.0838
Official_run_1,self_20260531_155844,clip_015,,,,0.0,,0.4967,0.00704,262,0.05504,7e-05,-0.012
Official_run_1,self_20260531_155844,clip_043,,,,0.0,,0.53008,-0.05872,113,0.0478,-6.9e-05,-0.1128
Official_run_1,self_20260531_155844,clip_064,,,,0.0,,0.32186,0.04557,366,0.13461,0.000144,-0.0378
Official_run_1,self_20260531_155844,clip_044,,,,0.0,,0.46597,0.10178,556,0.15561,5e-05,-0.021
Official_run_1,self_20260531_155844,clip_028,,,,0.0,,0.37936,0.04903,525,0.11048,0.0,-0.0323
Official_run_1,self_20260531_155844,clip_130,,,,0.0,,0.37263,-0.02535,0,0.01382,2.4e-05,-0.0242
Official_run_1,self_20260531_155844,clip_004,,,,0.0,,0.39617,0.03058,516,0.06471,2.3e-05,-0.0185
Official_run_1,self_20260531_155844,clip_087,,,,0.0,,0.42798,0.00237,21,0.03289,1e-05,-0.0193
Official_run_1,self_20260531_155844,clip_016,,,,0.0,,0.40435,0.01272,359,0.04277,2.4e-05,-0.0137
Official_run_1,self_20260531_155844,clip_067,,,,0.0,,0.35288,-0.05082,0,0.0064,4e-06,-0.0547
Official_run_1,self_20260531_155844,clip_041,,,,0.0,,0.38691,-0.00153,186,0.03545,2.8e-05,-0.0121
Official_run_1,self_20260531_155844,clip_026,,,,0.0,,0.37574,0.03098,458,0.07024,1.3e-05,-0.0999
Official_run_1,self_20260531_155844,clip_047,,,,0.0,,0.41648,0.05447,655,0.09008,3.6e-05,-0.0282
Official_run_1,self_20260531_155844,clip_148,,,,0.0,,0.39825,0.00516,155,0.04131,9e-06,-0.0137
Official_run_1,self_20260531_155844,clip_092,,,,0.0,,0.3554,-0.02401,104,0.03239,-8.8e-05,-0.1346
Official_run_1,self_20260531_155844,clip_056,,,,0.0,,0.33445,-0.01628,92,0.03847,3e-06,-0.0886
Official_run_1,self_20260531_155844,clip_009,,,,0.0,,0.33451,-0.04243,1,0.02917,6.7e-05,-0.0185
Official_run_1,self_20260531_155844,clip_103,,,,0.0,,0.40321,0.0228,521,0.06599,4.4e-05,-0.012
Official_run_1,self_20260531_155844,clip_045,,,,0.0,,0.38951,0.00661,269,0.045,4e-05,-0.0137
Official_run_1,self_20260531_155844,clip_021,,,,0.0,,0.29922,-0.06983,41,0.04595,-6.1e-05,-0.0854
Official_run_1,self_20260531_155844,clip_003,,,,0.0,,0.39959,0.05673,629,0.09234,1.9e-05,-0.0404
Official_run_1,self_20260531_155844,clip_107,,,,0.0,,0.35506,0.03446,437,0.0831,5e-05,-0.0129
Official_run_1,self_20260531_155844,clip_048,,,,0.0,,0.38609,-0.02563,27,0.02988,1.4e-05,-0.0298
Official_run_1,self_20260531_155844,clip_088,,,,0.0,,0.2785,-0.07584,56,0.05417,-4.2e-05,-0.0886
Official_run_1,self_20260531_155844,clip_011,,,,0.0,,0.31564,0.00449,269,0.07324,4.7e-05,-0.0129
Official_run_1,self_20260531_155844,clip_094,,,,0.0,,0.39033,0.08967,661,0.12324,2.2e-05,-0.0532
Official_run_1,self_20260531_155844,clip_108,,,,0.0,,0.4143,0.01299,244,0.0435,2.6e-05,-0.0104
Official_run_1,self_20260531_155844,clip_042,,,,0.0,,0.34547,-0.05455,0,0.02229,0.000124,-0.0057
Official_run_1,self_20260531_155844,clip_035,,,,0.0,,0.32479,0.02758,351,0.09999,0.000124,-0.0072
Official_run_1,self_20260531_155844,clip_074,,,,0.0,,0.41962,0.0447,726,0.07148,-4e-06,-0.0346
Official_run_1,self_20260531_155844,clip_147,,,,0.0,,0.40142,0.05006,628,0.08133,2.5e-05,-0.0064
Official_run_1,self_20260531_155844,clip_110,,,,0.0,,0.33538,-0.06334,0,0.02918,0.000148,-0.0113
Official_run_1,self_20260531_155844,clip_023,,,,0.0,,0.33301,0.03624,437,0.08113,8e-06,-0.0016
Official_run_1,self_20260531_155844,clip_072,,,,0.0,,0.36087,0.09105,582,0.13388,7.7e-05,-0.0089
Official_run_1,self_20260531_155844,clip_146,,,,0.0,,0.37657,0.0347,500,0.08203,9.4e-05,-0.0105
Official_run_1,self_20260531_155844,clip_132,,,,0.0,,0.37315,0.12259,606,0.16124,4.4e-05,-0.0234
Official_run_1,self_20260531_155844,clip_090,,,,0.0,,0.3624,0.08051,547,0.12991,7e-06,-0.0081
Official_run_1,self_20260531_155844,clip_001,,,,0.0,,0.41518,0.05101,574,0.09274,4.9e-05,-0.0072
Official_run_1,self_20260531_155844,clip_149,,,,0.0,,0.35085,-0.06876,0,0.00748,0.000138,-0.0137
Official_run_1,self_20260531_155844,clip_038,,,,0.0,,0.38179,-0.04589,0,0.00102,-4.5e-05,-0.0403
Official_run_1,self_20260531_155844,clip_121,,,,0.0,,0.41131,-0.02382,0,0.01937,-7e-05,-0.1314
Official_run_1,self_20260531_155844,clip_093,,,,0.0,,0.27514,0.02854,387,0.0983,3.4e-05,-0.0379
Official_run_1,self_20260531_155844,clip_097,,,,0.0,,0.31449,0.00341,221,0.07572,-7.4e-05,-0.133
Official_run_1,self_20260531_155844,clip_140,,,,0.0,,0.37368,0.09394,563,0.13207,-1.3e-05,-0.0669
Official_run_1,self_20260531_155844,clip_118,,,,0.0,,0.26496,-0.07149,0,0.0,1e-06,-0.0194
Official_run_1,self_20260531_155844,clip_039,,,,0.0,,0.39745,0.07923,754,0.10808,3.9e-05,-0.0056
Official_run_1,self_20260531_155844,clip_137,,,,0.0,,0.3599,0.04859,566,0.09159,3.3e-05,-0.004
Official_run_1,self_20260531_155844,clip_084,,,,0.0,,0.34608,0.04534,448,0.10537,6.1e-05,-0.0145
Official_run_1,self_20260531_155844,clip_125,,,,0.0,,0.36809,-0.00918,7,0.03043,-2e-06,-0.0161
Official_run_1,self_20260531_155844,clip_113,,,,0.0,,0.40358,-0.00221,117,0.03981,2.7e-05,-0.0088
Official_run_1,self_20260531_155844,clip_077,,,,0.0,,0.40021,0.0274,561,0.0656,-4.2e-05,-0.079
Official_run_1,self_20260531_155844,clip_134,,,,0.0,,0.43599,0.03596,503,0.06657,-2.5e-05,-0.0629
Official_run_1,self_20260531_155844,clip_024,,,,0.0,,0.39673,0.02506,408,0.07564,7.3e-05,-0.0081
Official_run_1,self_20260531_155844,clip_063,,,,0.0,,0.42322,0.03209,571,0.06016,2.9e-05,-0.0186
Official_run_1,self_20260531_220954,clip_198,,,,0.0,,0.37236,-0.01293,77,0.0362,2e-06,-0.0259
Official_run_1,self_20260531_220954,clip_205,,,,0.0,,0.37988,0.00566,253,0.06818,-3.8e-05,-0.0564
Official_run_1,self_20260531_220954,clip_172,,,,0.0,,0.4691,-0.00131,142,0.05179,-4e-05,-0.058
Official_run_1,self_20260531_220954,clip_173,,,,0.0,,0.41886,0.08592,474,0.18926,0.000126,-0.0065
Official_run_1,self_20260531_220954,clip_200,,,,0.0,,0.33342,-0.09488,0,0.0,8.1e-05,-0.0016
Official_run_1,self_20260531_220954,clip_168,,,,0.0,,0.39964,0.04417,533,0.09902,-4.1e-05,-0.1088
Official_run_1,self_20260531_220954,clip_192,,,,0.0,,0.3636,-0.06663,108,0.07747,-0.00021,-0.2523
Official_run_1,self_20260531_220954,clip_215,,,,0.0,,0.28413,-0.02805,2,0.02702,1.7e-05,-0.0257
Official_run_1,self_20260531_220954,clip_208,,,,0.0,,0.40898,0.00147,284,0.05909,-6.2e-05,-0.1153
Official_run_1,self_20260531_220954,clip_184,,,,0.0,,0.4455,0.03128,450,0.07658,1.9e-05,-0.0137
Official_run_1,self_20260531_220954,clip_229,,,,0.0,,0.35885,-0.062,0,0.0,-3.5e-05,-0.05
Official_run_1,self_20260531_220954,clip_207,,,,0.0,,0.2112,-0.08459,2,0.03381,-0.000104,-0.1274
Official_run_1,self_20260531_220954,clip_196,,,,0.0,,0.37307,0.06057,526,0.09759,2.4e-05,-0.0153
Official_run_1,self_20260531_220954,clip_204,,,,0.0,,1.00606,-0.10463,52,0.04651,-6.7e-05,-0.1346
Official_run_1,self_20260531_220954,clip_185,,,,0.0,,1.01179,-0.02416,134,0.04954,8.6e-05,-0.0185
Official_run_1,self_20260531_220954,clip_195,,,,0.0,,1.04293,-0.01377,200,0.0779,-0.000122,-0.2087
Official_run_1,self_20260531_220954,clip_223,,,,0.0,,0.65503,-0.07698,0,0.0,-0.0,-0.0113
Official_run_1,self_20260531_220954,clip_221,,,,0.0,,0.65495,-0.00138,385,0.05767,-0.0,-0.1016
Official_run_1,self_20260531_220954,clip_232,,,,0.0,,0.65445,-0.00242,383,0.05393,-1e-06,-0.0701
Official_run_1,self_20260531_220954,clip_191,,,,0.0,,0.65432,-4e-05,384,0.05804,-0.0,-0.0717
Official_run_1,self_20260531_220954,clip_186,,,,0.0,,0.65547,0.00023,382,0.05716,0.0,-0.0129
Official_run_1,self_20260531_220954,clip_201,,,,0.0,,0.65525,0.00038,386,0.05753,0.0,-0.0419
Official_run_1,self_20260531_220954,clip_240,,,,0.0,,0.65611,-6e-05,367,0.11263,2e-06,-0.1661
Official_run_1,self_20260531_220954,clip_213,,,,0.0,,0.65345,-0.00124,382,0.05441,0.0,-0.0975
Official_run_1,self_20260531_220954,clip_206,,,,0.0,,0.65584,0.0028,382,0.05606,-0.0,-0.0249
Official_run_1,self_20260531_220954,clip_226,,,,0.0,,0.65556,0.00106,386,0.0514,-1e-06,-0.0878
Official_run_1,self_20260531_220954,clip_161,,,,0.0,,0.6552,4e-05,381,0.12814,2e-06,-0.1418
Official_run_1,self_20260531_220954,clip_158,,,,0.0,,0.65496,-0.00033,381,0.05061,2e-06,-0.0153
Official_run_1,self_20260531_220954,clip_159,,,,0.0,,0.76212,0.04109,216,0.22427,-0.000261,-0.245
Official_run_1,self_20260531_220954,clip_176,,,,0.0,,0.65267,-0.00089,384,0.05234,-1e-06,-0.0338
Official_run_1,self_20260531_220954,clip_193,,,,0.0,,0.65266,-0.00111,378,0.05293,0.0,-0.0161
Official_run_1,self_20260531_220954,clip_203,,,,0.0,,0.91809,0.04553,408,0.10414,7.3e-05,0.0
Official_run_1,self_20260531_220954,clip_219,,,,0.0,,0.98946,-0.01825,88,0.03829,-4e-05,-0.0468
Official_run_1,self_20260531_220954,clip_210,,,,0.0,,0.91839,-0.05296,8,0.03676,-5.6e-05,-0.0854
Official_run_1,self_20260531_220954,clip_222,,,,0.0,,0.86101,-0.02796,109,0.13044,-0.000183,-0.403
Official_run_1,self_20260531_220954,clip_234,,,,0.0,,0.65332,-0.001,390,0.05728,-0.0,-0.0081
Official_run_1,self_20260531_220954,clip_217,,,,0.0,,0.65351,0.0012,386,0.05929,-1e-06,-0.1097
Official_run_1,self_20260531_220954,clip_181,,,,0.0,,0.654,0.00157,382,0.05998,-0.0,-0.0178
Official_run_1,self_20260531_220954,clip_179,,,,0.0,,0.65359,-0.00011,384,0.0579,-1e-06,-0.0725
Official_run_1,self_20260531_220954,clip_175,,,,0.0,,0.65299,5e-05,385,0.06266,0.0,-0.0185
Official_run_1,self_20260531_220954,clip_194,,,,0.0,,0.65156,-0.0006,384,0.05614,-1e-06,-0.0975
Official_run_1,self_20260531_220954,clip_154,,,,0.0,,0.65251,0.00146,383,0.05485,-0.0,-0.0113
Official_run_1,self_20260531_220954,clip_170,,,,0.0,,0.65202,-7e-05,385,0.05301,-1e-06,-0.0491
Official_run_1,self_20260531_220954,clip_235,,,,0.0,,0.65108,-0.00089,378,0.05393,0.0,-0.0338
Official_run_1,self_20260531_220954,clip_231,,,,0.0,,0.65128,0.00012,384,0.05234,-1e-06,-0.0258
Official_run_1,self_20260531_220954,clip_180,,,,0.0,,0.65056,-0.00057,385,0.04677,1e-06,-0.0871
Official_run_1,self_20260531_220954,clip_152,,,,0.0,,0.6505,0.0001,383,0.0483,0.0,-0.0572
Official_run_1,self_20260531_220954,clip_227,,,,0.0,,0.64899,-0.00759,27,0.12832,1e-06,-0.1265
Official_run_1,self_20260531_220954,clip_202,,,,0.0,,0.64758,-0.00039,14,0.58414,-1e-06,-0.5955
Official_run_1,self_20260531_220954,clip_209,,,,0.0,,2.08993,0.17511,520,0.22238,-1e-06,-0.0411
official_run_2,self_20260601_112658,clip_240,88.0,93.0,-0.75,2.17143,-2.0,1.27693,-0.02003,3,0.05124,3e-06,-0.0612
official_run_2,self_20260601_112658,clip_239,84.167,90.0,0.833,-1.05714,-12.0,1.33245,0.03026,469,0.08471,2.3e-05,-0.0371
official_run_2,self_20260601_112658,clip_238,80.2,87.0,-3.0,2.0,0.0,1.28554,-0.03508,82,0.06387,-9.6e-05,-0.1564
official_run_2,self_20260601_112658,clip_237,80.5,86.0,1.25,-1.05714,-10.0,1.2156,0.00421,290,0.07561,7.5e-05,0.0
official_run_2,self_20260601_112658,clip_236,80.167,82.0,3.667,0.02857,0.0,1.21991,-0.05616,1,0.03504,-0.000103,-0.1466
official_run_2,self_20260601_112658,clip_235,79.333,83.0,1.333,-1.54286,-12.0,1.15605,0.01595,239,0.07031,-2.3e-05,-0.054
official_run_2,self_20260601_112658,clip_234,73.286,77.0,-0.714,-1.53571,-9.0,1.18589,-0.00263,220,0.05978,8.8e-05,-0.0113
official_run_2,self_20260601_112658,clip_233,75.571,76.0,-10.429,0.21429,0.0,1.17123,0.08189,520,0.13876,1.1e-05,-0.029
official_run_2,self_20260601_112658,clip_232,74.857,80.0,-2.81,-0.53571,-5.0,1.18735,-0.00859,8,0.04107,1.5e-05,-0.05
official_run_2,self_20260601_112658,clip_231,79.0,82.0,-3.667,-0.03571,-2.0,1.32451,0.00045,158,0.10713,-6.3e-05,-0.1265
official_run_2,self_20260601_112658,clip_230,76.333,82.0,1.083,-1.42857,-6.0,1.24082,-0.0668,0,0.0,-2.3e-05,-0.1418
official_run_2,self_20260601_112658,clip_229,75.5,79.0,-4.9,-0.71429,-5.0,1.16471,0.04763,506,0.11181,1e-06,-0.0967
official_run_2,self_20260601_112658,clip_228,78.333,80.0,-2.667,-1.14286,-5.0,1.05523,-0.00874,164,0.06663,6.2e-05,-0.0499
official_run_2,self_20260601_112658,clip_227,73.857,77.0,-2.143,0.92857,0.0,1.08473,0.01647,274,0.05434,3e-06,-0.021
official_run_2,self_20260601_112658,clip_226,74.0,76.0,-5.25,0.8,0.0,1.03617,-0.02692,6,0.0288,-1.7e-05,-0.0273
official_run_2,self_20260601_112658,clip_225,72.833,75.0,-3.417,-0.25714,-2.0,0.99452,-0.06516,0,0.01692,-6.9e-05,-0.0757
official_run_2,self_20260601_112658,clip_224,74.286,78.0,0.952,0.85714,0.0,1.00083,-0.0311,6,0.05437,-8e-05,-0.1475
official_run_2,self_20260601_112658,clip_223,69.333,74.0,-13.867,-0.68571,-5.0,1.06026,0.05577,520,0.11,4.2e-05,-0.0266
official_run_2,self_20260601_112658,clip_222,76.333,81.0,6.083,-1.42857,-8.0,0.99815,-0.05011,5,0.04203,-1.3e-05,-0.0693
official_run_2,self_20260601_112658,clip_221,69.4,71.0,0.6,0.3,-2.0,1.20293,0.09357,603,0.16554,7.1e-05,-0.0379
official_run_2,self_20260601_112658,clip_220,70.333,74.0,-3.667,-0.62857,-4.0,1.23579,0.00018,22,0.04729,3e-06,-0.0411
official_run_2,self_20260601_112658,clip_219,77.714,81.0,6.048,-1.07143,-9.0,1.18324,-0.0095,60,0.05157,1.8e-05,-0.0541
official_run_2,self_20260601_112658,clip_218,70.0,78.0,-7.5,-2.57143,-14.0,1.15852,-0.03493,2,0.02905,3.8e-05,-0.0379
official_run_2,self_20260601_112658,clip_217,76.0,77.0,4.0,-0.03571,-2.0,1.09483,-0.02975,40,0.05923,1.5e-05,-0.0814
official_run_2,self_20260601_112658,clip_216,73.833,75.0,-2.367,0.6,0.0,1.02056,-0.07817,1,0.04237,-8.7e-05,-0.1531
official_run_2,self_20260601_112658,clip_215,77.5,81.0,0.25,-0.88571,-4.0,1.05315,0.02713,392,0.09578,2.4e-05,-0.0516
official_run_2,self_20260601_112658,clip_214,72.8,74.0,-0.95,-0.2,-2.0,1.09926,0.03226,459,0.08129,2.9e-05,-0.0282
official_run_2,self_20260601_112658,clip_213,73.4,75.0,-4.6,-0.0,-1.0,1.06085,-0.00062,203,0.05303,5.4e-05,-0.0266
official_run_2,self_20260601_112658,clip_212,75.6,77.0,-0.8,0.1,-2.0,1.05444,0.01557,274,0.08043,3.6e-05,-0.0201
official_run_2,self_20260601_112658,clip_211,76.857,80.0,3.107,0.32143,-4.0,0.90972,-0.1179,0,0.0,-4.2e-05,-0.1103
official_run_2,self_20260601_112658,clip_210,70.286,73.0,-6.381,0.35714,0.0,0.92659,-0.00054,163,0.05517,3.5e-05,-0.0572
official_run_2,self_20260601_112658,clip_209,72.167,73.0,0.367,0.08571,-1.0,0.92563,0.00061,231,0.05328,6.9e-05,-0.0073
official_run_2,self_20260601_112658,clip_208,75.167,81.0,-2.083,-1.97143,-9.0,0.89406,-0.01422,137,0.05712,8.1e-05,-0.029
official_run_2,self_20260601_112658,clip_207,74.0,76.0,1.0,-0.8,-4.0,0.8675,-0.09976,0,0.01344,-0.000116,-0.1507
official_run_2,self_20260601_112658,clip_206,75.571,81.0,3.321,-1.17857,-8.0,0.8165,-0.04531,49,0.05528,-2.2e-05,-0.075
official_run_2,self_20260601_112658,clip_205,69.429,73.0,3.179,1.25,0.0,0.84286,-0.02163,135,0.07671,-9.6e-05,-0.1225
official_run_2,self_20260601_112658,clip_204,70.0,74.0,-3.75,-1.65714,-7.0,0.91487,0.07217,494,0.1501,7.3e-05,-0.083
official_run_2,self_20260601_112658,clip_203,66.0,67.0,-10.0,0.11429,-2.0,0.93826,0.09371,553,0.15545,4.5e-05,-0.033
official_run_2,self_20260601_112658,clip_202,68.4,71.0,0.8,-1.2,-5.0,1.00521,0.02542,430,0.08481,1.9e-05,-0.0396
official_run_2,self_20260601_112658,clip_201,71.571,77.0,3.238,-1.28571,-8.0,0.93999,-0.06521,0,0.015,8.7e-05,-0.0524
pau,self_20260601_210739,clip_200,,,,0.0,,1.30016,-0.13841,13,0.07084,-0.000158,-0.2031
pau,self_20260601_210739,clip_199,,,,0.0,,1.33206,0.07849,480,0.13253,5e-06,-0.0492
pau,self_20260601_210739,clip_198,,,,0.0,,1.45585,0.06687,422,0.13251,8.2e-05,-0.0194
pau,self_20260601_210739,clip_197,,,,0.0,,1.59822,0.07009,491,0.13117,6.6e-05,-0.0138
pau,self_20260601_210739,clip_196,,,,0.0,,1.68105,0.03656,451,0.0905,2.4e-05,-0.033
pau,self_20260601_210739,clip_195,,,,0.0,,1.69346,0.0525,452,0.09975,5.2e-05,-0.0121
pau,self_20260601_210739,clip_194,,,,0.0,,1.72369,-0.03021,27,0.03349,-7.8e-05,-0.0975
pau,self_20260601_210739,clip_193,,,,0.0,,1.67218,0.00398,123,0.0483,3.4e-05,-0.0193
pau,self_20260601_210739,clip_192,,,,0.0,,1.75739,0.03439,446,0.0757,2.9e-05,-0.0242
pau,self_20260601_210739,clip_191,,,,0.0,,1.81805,0.02385,383,0.0528,1.3e-05,-0.0217
pau,self_20260601_210739,clip_190,,,,0.0,,1.81431,-0.00907,2,0.02123,1.1e-05,-0.0185
pau,self_20260601_210739,clip_189,,,,0.0,,1.55243,-0.11846,0,0.0,3.4e-05,-0.0838
pau,self_20260601_210739,clip_188,,,,0.0,,1.51318,0.03525,361,0.07817,4.7e-05,-0.0258
pau,self_20260601_210739,clip_187,,,,0.0,,1.52359,0.09786,465,0.17147,9e-05,-0.0169
pau,self_20260601_210739,clip_186,,,,0.0,,1.59652,0.04528,416,0.09596,5.5e-05,-0.0266
pau,self_20260601_210739,clip_185,,,,0.0,,1.68615,0.03277,429,0.07283,3e-05,-0.0202
pau,self_20260601_210739,clip_184,,,,0.0,,1.73706,0.02114,321,0.04968,1.9e-05,-0.0112
pau,self_20260601_210739,clip_183,,,,0.0,,1.78708,0.0236,370,0.05212,1.8e-05,-0.0024
pau,self_20260601_210739,clip_182,,,,0.0,,1.80042,0.0134,175,0.04228,1.6e-05,-0.0137
pau,self_20260601_210739,clip_181,,,,0.0,,1.81177,0.00657,27,0.0297,3e-06,-0.0161
pau,self_20260601_210739,clip_180,,,,0.0,,1.72507,-0.08189,0,0.0,-5.4e-05,-0.0927
pau,self_20260601_210739,clip_179,,,,0.0,,1.67943,-0.00154,46,0.04683,-4.2e-05,-0.1475
pau,self_20260601_210739,clip_178,,,,0.0,,1.41991,-0.14657,0,0.0,1e-06,-0.004
pau,self_20260601_210739,clip_177,,,,0.0,,1.39458,-0.10813,0,0.051,-0.000247,-0.2675
pau,self_20260601_210739,clip_176,,,,0.0,,1.13996,-0.06829,0,0.01265,-5.2e-05,-0.0637
pau,self_20260601_210739,clip_175,,,,0.0,,1.25312,0.08506,489,0.13664,3.1e-05,-0.0379
pau,self_20260601_210739,clip_174,,,,0.0,,1.38388,0.07655,487,0.13597,6.6e-05,-0.0331
pau,self_20260601_210739,clip_173,,,,0.0,,1.47081,0.03148,483,0.06116,-5e-06,-0.037
pau,self_20260601_210739,clip_172,,,,0.0,,1.52249,0.02202,274,0.07014,3.4e-05,-0.0225
pau,self_20260601_210739,clip_171,,,,0.0,,1.37053,-0.20489,0,0.03468,-0.000104,-0.195
pau,self_20260601_210739,clip_170,,,,0.0,,1.29496,0.01562,277,0.09066,-2.4e-05,-0.0484
pau,self_20260601_210739,clip_169,,,,0.0,,1.28995,0.18244,524,0.29309,0.000146,-0.0226
pau,self_20260601_210739,clip_168,,,,0.0,,1.35923,0.06036,358,0.16622,0.00013,0.0
pau,self_20260601_210739,clip_167,,,,0.0,,1.36019,0.19974,492,0.37225,0.000271,-0.0112
pau,self_20260601_210739,clip_166,,,,0.0,,1.1609,-0.05374,71,0.09166,-3.1e-05,-0.0524
pau,self_20260601_210739,clip_165,,,,0.0,,1.19971,0.08076,368,0.25824,0.000169,-0.0862
pau,self_20260601_210739,clip_164,,,,0.0,,1.24169,0.19429,578,0.3024,6.9e-05,-0.0765
pau,self_20260601_210739,clip_163,,,,0.0,,1.2848,0.02536,367,0.14436,-0.00013,-0.2305
pau,self_20260601_210739,clip_162,,,,0.0,,1.31669,0.05547,421,0.19018,6.6e-05,-0.1
pau,self_20260601_210739,clip_161,,,,0.0,,1.38569,0.09715,500,0.18136,6.3e-05,-0.0444
pau,self_20260601_210739,clip_160,,,,0.0,,1.3571,0.15849,514,0.27609,5.6e-05,-0.0685
pau,self_20260601_210739,clip_159,,,,0.0,,1.2838,-0.05807,5,0.10383,8.2e-05,-0.0967
pau,self_20260601_210739,clip_158,,,,0.0,,1.46421,0.06601,506,0.1345,4e-05,-0.0362
pau,self_20260601_210739,clip_157,,,,0.0,,1.48294,0.06489,495,0.19525,5e-05,-0.0951
pau,self_20260601_210739,clip_156,,,,0.0,,1.51692,0.01468,260,0.11346,4.4e-05,-0.0709
pau,self_20260601_210739,clip_155,,,,0.0,,1.54872,0.02432,407,0.09049,7e-06,-0.0942
pau,self_20260601_210739,clip_154,,,,0.0,,1.47314,-0.04403,4,0.02523,-3.8e-05,-0.066
pau,self_20260601_210739,clip_153,,,,0.0,,1.50022,0.00316,38,0.07114,-1.6e-05,-0.0677
pau,self_20260601_210739,clip_152,,,,0.0,,1.51784,0.01683,337,0.06799,-4e-06,-0.0862
pau,self_20260601_210739,clip_151,,,,0.0,,1.1999,-0.01807,148,0.12053,-5.4e-05,-0.1015
pau,self_20260601_210739,clip_150,,,,0.0,,1.06205,-0.00414,156,0.17081,-0.000122,-0.1902
pau,self_20260601_210739,clip_149,,,,0.0,,1.1725,0.08056,521,0.14426,3e-05,-0.046
pau,self_20260601_210739,clip_148,,,,0.0,,1.30736,0.08867,523,0.14961,5.9e-05,-0.0701
pau,self_20260601_210739,clip_147,,,,0.0,,1.19205,-0.01714,144,0.11641,0.000144,-0.0129
pau,self_20260601_210739,clip_146,,,,0.0,,1.2301,-0.06622,1,0.07608,-0.000225,-0.4231
pau,self_20260601_210739,clip_145,,,,0.0,,1.05751,-0.08742,135,0.14927,-0.000365,-0.4037
pau,self_20260601_210739,clip_144,,,,0.0,,1.22607,0.04293,491,0.10467,6.2e-05,-0.0226
pau,self_20260601_210739,clip_143,,,,0.0,,1.24986,0.06347,510,0.18921,2.6e-05,-0.1096
pau,self_20260601_210739,clip_142,,,,0.0,,1.15275,-0.14775,0,0.0,-4.1e-05,-0.1225
pau,self_20260601_210739,clip_141,,,,0.0,,1.09038,-0.01784,142,0.12958,-3.1e-05,-0.0782
pau,self_20260601_210739,clip_140,,,,0.0,,1.29131,0.07587,535,0.13276,4.4e-05,-0.025
pau,self_20260601_210739,clip_139,,,,0.0,,1.29945,0.04013,372,0.12998,8.8e-05,-0.0347
pau,self_20260601_210739,clip_138,,,,0.0,,1.04132,-0.24819,0,0.0,-4e-05,-0.0411
pau,self_20260601_210739,clip_137,,,,0.0,,1.09323,0.01147,218,0.08835,-8e-06,-0.0669
pau,self_20260601_210739,clip_136,,,,0.0,,1.05953,-0.08667,18,0.0892,-0.00034,-0.1999
pau,self_20260601_210739,clip_135,,,,0.0,,1.29438,0.07697,558,0.14049,4.1e-05,-0.0363
pau,self_20260601_210739,clip_134,,,,0.0,,1.13009,-0.08002,0,0.02849,0.000114,-0.0008
pau,self_20260601_210739,clip_133,,,,0.0,,1.37534,0.06237,535,0.12143,3.8e-05,-0.0459
pau,self_20260601_210739,clip_132,,,,0.0,,1.24423,-0.1048,0,0.0,9.6e-05,-0.025
pau,self_20260601_210739,clip_131,,,,0.0,,1.41129,0.05553,522,0.09484,1.5e-05,-0.0355
pau,self_20260601_210739,clip_130,,,,0.0,,1.32663,-0.0594,15,0.06537,-6.4e-05,-0.1548
pau,self_20260601_210739,clip_129,,,,0.0,,1.11424,-0.05918,9,0.05548,0.000174,-0.0403
pau,self_20260601_210739,clip_128,,,,0.0,,1.35801,0.0822,515,0.15539,5.5e-05,-0.0379
pau,self_20260601_210739,clip_127,,,,0.0,,1.08675,-0.31843,0,0.0,-7.6e-05,-0.1008
pau,self_20260601_210739,clip_126,,,,0.0,,0.99703,-0.11813,75,0.08795,-9.7e-05,-0.2449
pau,self_20260601_210739,clip_125,,,,0.0,,1.12855,0.02302,363,0.10647,4.6e-05,-0.0097
pau,self_20260601_210739,clip_124,,,,0.0,,1.25104,0.03446,517,0.08162,-2e-06,-0.0225
pau,self_20260601_210739,clip_123,,,,0.0,,1.3182,0.00507,229,0.05356,9e-06,-0.0233
pau,self_20260601_210739,clip_122,,,,0.0,,0.99838,-0.20087,0,0.0,-9.2e-05,-0.1813
pau,self_20260601_210739,clip_121,,,,0.0,,1.19433,0.05391,480,0.10788,1e-06,-0.0129
ryan_calib,self_20260602_030125,clip_005,98.667,105.0,-6.583,1.42857,0.0,0.92811,0.02716,363,0.06765,4.9e-05,-0.0169
ryan_calib,self_20260602_030125,clip_003,104.4,108.0,-3.1,-0.6,-2.0,0.92013,0.0005,95,0.11677,-2.2e-05,-0.1596
ryan_calib,self_20260602_030125,clip_002,106.5,109.0,3.5,1.4,-1.0,0.83868,-0.04713,43,0.0804,-6.4e-05,-0.1362
ryan_calib,self_20260602_030125,clip_048,102.5,105.0,-5.9,-0.54286,-6.0,0.89486,0.04951,578,0.12085,4.2e-05,0.0
ryan_calib,self_20260602_030125,clip_025,106.0,111.0,-0.5,0.28571,-3.0,0.89576,-0.00736,8,0.02688,-2.5e-05,-0.0524
ryan_calib,self_20260602_030125,clip_027,106.333,111.0,-1.167,1.71429,-2.0,0.87923,-0.01402,20,0.03915,-2.9e-05,-0.0516
ryan_calib,self_20260602_030125,clip_052,107.333,110.0,-5.417,1.65714,0.0,0.84537,-0.03567,1,0.02636,-1e-05,-0.0435
ryan_calib,self_20260602_030125,clip_053,110.5,114.0,2.0,1.22857,0.0,0.84803,0.02405,211,0.18812,-6.2e-05,-0.17
ryan_calib,self_20260602_030125,clip_045,103.667,108.0,-7.0,0.62857,0.0,0.81096,0.03845,251,0.14289,9.1e-05,-0.0048
ryan_calib,self_20260602_030125,clip_024,100.429,107.0,-5.821,3.03571,0.0,0.82467,0.01696,317,0.0844,-3.3e-05,-0.0839
ryan_calib,self_20260602_030125,clip_080,116.167,122.0,7.967,2.25714,0.0,0.8542,0.00149,22,0.03859,-2.6e-05,-0.0492
ryan_calib,self_20260602_030125,clip_058,111.833,115.0,5.583,1.34286,-2.0,0.88784,-0.00355,1,0.02161,-2e-06,-0.0451
