user_id,session_id,clip_id,trial_index,track_name,artist,genre,rest_start_time,rest_end_time,clip_start_time,clip_end_time,valence,mood,familiarity,rating_usable,data_scope,eda_quality,use_eda_for_primary_biometric_training,eda_exclusion_reason
Official_run_1,self_20260531_155844,clip_126,1,Oye Como Va,Santana,Rock,2026-05-31T15:58:46.845,2026-05-31T15:59:06.859,2026-05-31T15:59:08.906,2026-05-31T15:59:38.916,2,neutral,1,yes,human_rating_only,excluded_wrong_sensor_fit,no,"Sensor readings are structurally plausible, but the sensor was worn incorrectly."
Official_run_1,self_20260531_155844,clip_106,2,Master of Puppets,Metallica,Metal,2026-05-31T15:59:45.123,2026-05-31T16:00:05.125,2026-05-31T16:00:07.174,2026-05-31T16:00:37.192,2,neutral,1,yes,human_rating_only,excluded_wrong_sensor_fit,no,"Sensor readings are structurally plausible, but the sensor was worn incorrectly."
Official_run_1,self_20260531_155844,clip_086,3,Uptown Funk (feat. Bruno Mars),Mark Ronson,Pop,2026-05-31T16:00:44.670,2026-05-31T16:01:04.673,2026-05-31T16:01:06.722,2026-05-31T16:01:36.723,3,positive,4,yes,human_rating_only,excluded_wrong_sensor_fit,no,"Sensor readings are structurally plausible, but the sensor was worn incorrectly."
Official_run_1,self_20260531_155844,clip_054,4,Juicy,The Notorious B.I.G.,Hip-Hop/Rap,2026-05-31T16:01:46.724,2026-05-31T16:02:06.733,2026-05-31T16:02:08.782,2026-05-31T16:02:38.789,3,positive,1,yes,human_rating_only,excluded_wrong_sensor_fit,no,"Sensor readings are structurally plausible, but the sensor was worn incorrectly."
Official_run_1,self_20260531_155844,clip_069,5,One More Time,Daft Punk,Dance,2026-05-31T16:02:51.944,2026-05-31T16:03:12.000,2026-05-31T16:03:14.045,2026-05-31T16:03:44.046,3,positive,4,yes,human_rating_only,excluded_wrong_sensor_fit,no,"Sensor readings are structurally plausible, but the sensor was worn incorrectly."
Official_run_1,self_20260531_155844,clip_037,6,"A Love Supreme, Pt. 1: Acknowledgement",John Coltrane,Jazz,2026-05-31T16:03:51.781,2026-05-31T16:04:11.789,2026-05-31T16:04:13.836,2026-05-31T16:04:43.840,2,neutral,1,yes,human_rating_only,excluded_wrong_sensor_fit,no,"Sensor readings are structurally plausible, but the sensor was worn incorrectly."
Official_run_1,self_20260531_155844,clip_012,7,Breathe Me,Sia,Pop,2026-05-31T16:04:49.053,2026-05-31T16:05:09.056,2026-05-31T16:05:11.109,2026-05-31T16:05:41.113,1,negative,1,yes,human_rating_only,excluded_wrong_sensor_fit,no,"Sensor readings are structurally plausible, but the sensor was worn incorrectly."
Official_run_1,self_20260531_155844,clip_015,8,Affection,Jinsang,Hip-Hop/Rap,2026-05-31T16:05:46.401,2026-05-31T16:06:06.420,2026-05-31T16:06:08.463,2026-05-31T16:06:38.474,2,neutral,1,yes,human_rating_only,excluded_wrong_sensor_fit,no,"Sensor readings are structurally plausible, but the sensor was worn incorrectly."
Official_run_1,self_20260531_155844,clip_043,9,Moonlight Sonata,London Philharmonic Orchestra,Classical,2026-05-31T16:06:47.520,2026-05-31T16:07:07.527,2026-05-31T16:07:09.579,2026-05-31T16:07:39.594,1,negative,4,yes,human_rating_only,excluded_wrong_sensor_fit,no,"Sensor readings are structurally plausible, but the sensor was worn incorrectly."
Official_run_1,self_20260531_155844,clip_064,10,Gold Digger (feat. Jamie Foxx),Kanye West,Hip-Hop/Rap,2026-05-31T16:07:45.534,2026-05-31T16:08:05.538,2026-05-31T16:08:07.586,2026-05-31T16:08:37.605,3,positive,3,yes,human_rating_only,excluded_wrong_sensor_fit,no,"Sensor readings are structurally plausible, but the sensor was worn incorrectly."
Official_run_1,self_20260531_155844,clip_044,11,Seasons (Spring): I. Allegro,Jonathan Carney & Royal Philharmonic Orchestra,Classical,2026-05-31T16:08:46.809,2026-05-31T16:09:06.814,2026-05-31T16:09:08.863,2026-05-31T16:09:38.874,3,positive,3,yes,human_rating_only,excluded_wrong_sensor_fit,no,"Sensor readings are structurally plausible, but the sensor was worn incorrectly."
Official_run_1,self_20260531_155844,clip_028,12,So What,Miles Davis,Jazz,2026-05-31T16:09:44.882,2026-05-31T16:10:04.886,2026-05-31T16:10:06.939,2026-05-31T16:10:36.958,2,neutral,4,yes,human_rating_only,excluded_wrong_sensor_fit,no,"Sensor readings are structurally plausible, but the sensor was worn incorrectly."
Official_run_1,self_20260531_155844,clip_130,13,Mi Gente,J Balvin & Willy William,Urbano latino,2026-05-31T16:10:43.185,2026-05-31T16:11:03.190,2026-05-31T16:11:05.234,2026-05-31T16:11:35.240,2,neutral,2,yes,human_rating_only,excluded_wrong_sensor_fit,no,"Sensor readings are structurally plausible, but the sensor was worn incorrectly."
Official_run_1,self_20260531_155844,clip_004,14,Blinding Lights,The Weeknd,R&B/Soul,2026-05-31T16:11:45.152,2026-05-31T16:12:05.163,2026-05-31T16:12:07.211,2026-05-31T16:12:37.218,3,positive,4,yes,human_rating_only,excluded_wrong_sensor_fit,no,"Sensor readings are structurally plausible, but the sensor was worn incorrectly."
Official_run_1,self_20260531_155844,clip_087,15,"Happy (From ""Despicable Me 2"")",Pharrell Williams,Pop,2026-05-31T16:12:43.124,2026-05-31T16:13:03.132,2026-05-31T16:13:05.183,2026-05-31T16:13:35.198,3,positive,4,yes,human_rating_only,excluded_wrong_sensor_fit,no,"Sensor readings are structurally plausible, but the sensor was worn incorrectly."
Official_run_1,self_20260531_155844,clip_016,16,Snowman,WYS,Hip-Hop/Rap,2026-05-31T16:13:40.587,2026-05-31T16:14:00.589,2026-05-31T16:14:02.639,2026-05-31T16:14:32.656,2,neutral,1,yes,human_rating_only,excluded_wrong_sensor_fit,no,"Sensor readings are structurally plausible, but the sensor was worn incorrectly."
Official_run_1,self_20260531_155844,clip_067,17,Titanium (feat. Sia),David Guetta,Dance,2026-05-31T16:14:39.259,2026-05-31T16:14:59.265,2026-05-31T16:15:01.309,2026-05-31T16:15:31.312,1,negative,5,yes,human_rating_only,excluded_wrong_sensor_fit,no,"Sensor readings are structurally plausible, but the sensor was worn incorrectly."
Official_run_1,self_20260531_155844,clip_041,18,Eine Kleine Nachtmusik,Felix Pando,Children's Music,2026-05-31T16:15:39.752,2026-05-31T16:15:59.767,2026-05-31T16:16:01.820,2026-05-31T16:16:31.839,2,neutral,1,yes,human_rating_only,excluded_wrong_sensor_fit,no,"Sensor readings are structurally plausible, but the sensor was worn incorrectly."
Official_run_1,self_20260531_155844,clip_026,19,Tennessee Whiskey,Chris Stapleton,Country,2026-05-31T16:16:36.566,2026-05-31T16:16:56.610,2026-05-31T16:16:58.659,2026-05-31T16:17:28.698,2,neutral,3,yes,human_rating_only,excluded_wrong_sensor_fit,no,"Sensor readings are structurally plausible, but the sensor was worn incorrectly."
Official_run_1,self_20260531_155844,clip_047,20,Swan Lake,ASMR,New Age,2026-05-31T16:17:41.083,2026-05-31T16:18:01.111,2026-05-31T16:18:03.154,2026-05-31T16:18:33.155,1,negative,3,yes,human_rating_only,excluded_wrong_sensor_fit,no,"Sensor readings are structurally plausible, but the sensor was worn incorrectly."
Official_run_1,self_20260531_155844,clip_148,21,Teardrop,Massive Attack,Electronic,2026-05-31T16:18:40.544,2026-05-31T16:19:00.548,2026-05-31T16:19:02.597,2026-05-31T16:19:32.600,1,negative,2,yes,human_rating_only,excluded_wrong_sensor_fit,no,"Sensor readings are structurally plausible, but the sensor was worn incorrectly."
Official_run_1,self_20260531_155844,clip_092,22,Viva La Vida,Coldplay,Alternative,2026-05-31T16:19:44.056,2026-05-31T16:20:04.071,2026-05-31T16:20:06.117,2026-05-31T16:20:36.117,1,negative,5,yes,human_rating_only,excluded_wrong_sensor_fit,no,"Sensor readings are structurally plausible, but the sensor was worn incorrectly."
Official_run_1,self_20260531_155844,clip_056,23,"Nuthin’ But a ""G"" Thang",Dr. Dre & Snoop Dogg,Hip-Hop/Rap,2026-05-31T16:20:40.893,2026-05-31T16:21:00.905,2026-05-31T16:21:02.949,2026-05-31T16:21:32.963,2,neutral,1,yes,human_rating_only,excluded_wrong_sensor_fit,no,"Sensor readings are structurally plausible, but the sensor was worn incorrectly."
Official_run_1,self_20260531_155844,clip_009,24,Lose Yourself,Eminem,Soundtrack,2026-05-31T16:21:42.750,2026-05-31T16:22:02.764,2026-05-31T16:22:04.816,2026-05-31T16:22:34.831,1,negative,5,yes,human_rating_only,excluded_wrong_sensor_fit,no,"Sensor readings are structurally plausible, but the sensor was worn incorrectly."
Official_run_1,self_20260531_155844,clip_103,25,Careless Whisper,George Michael,Pop,2026-05-31T16:22:42.655,2026-05-31T16:23:02.707,2026-05-31T16:23:04.752,2026-05-31T16:23:34.763,1,negative,4,yes,human_rating_only,excluded_wrong_sensor_fit,no,"Sensor readings are structurally plausible, but the sensor was worn incorrectly."
Official_run_1,self_20260531_155844,clip_045,26,Adagio for Strings,"Samuel Barber, Xavier Pardo Sabartés & Jove Simfònica Orpheus",Classical,2026-05-31T16:23:40.032,2026-05-31T16:24:00.046,2026-05-31T16:24:02.096,2026-05-31T16:24:32.106,1,negative,4,yes,human_rating_only,excluded_wrong_sensor_fit,no,"Sensor readings are structurally plausible, but the sensor was worn incorrectly."
Official_run_1,self_20260531_155844,clip_021,27,Where You Are,John Summit & HAYLA,Dance,2026-05-31T16:24:37.898,2026-05-31T16:24:57.905,2026-05-31T16:24:59.952,2026-05-31T16:25:29.956,2,neutral,5,yes,human_rating_only,excluded_wrong_sensor_fit,no,"Sensor readings are structurally plausible, but the sensor was worn incorrectly."
Official_run_1,self_20260531_155844,clip_003,28,Someone Like You,Adele,Pop,2026-05-31T16:25:58.550,2026-05-31T16:26:18.563,2026-05-31T16:26:20.615,2026-05-31T16:26:50.617,1,negative,4,yes,human_rating_only,excluded_wrong_sensor_fit,no,"Sensor readings are structurally plausible, but the sensor was worn incorrectly."
Official_run_1,self_20260531_155844,clip_107,29,Paranoid,Black Sabbath,Metal,2026-05-31T16:26:56.265,2026-05-31T16:27:16.278,2026-05-31T16:27:18.323,2026-05-31T16:27:48.356,2,neutral,4,yes,human_rating_only,excluded_wrong_sensor_fit,no,"Sensor readings are structurally plausible, but the sensor was worn incorrectly."
Official_run_1,self_20260531_155844,clip_048,30,Ride of the Valkyries,Richard Wagner,Instrumental,2026-05-31T16:27:56.014,2026-05-31T16:28:16.029,2026-05-31T16:28:18.077,2026-05-31T16:28:48.080,1,negative,3,yes,human_rating_only,excluded_wrong_sensor_fit,no,"Sensor readings are structurally plausible, but the sensor was worn incorrectly."
Official_run_1,self_20260531_155844,clip_088,31,Toxic,Britney Spears,Pop,2026-05-31T16:28:54.104,2026-05-31T16:29:14.153,2026-05-31T16:29:16.201,2026-05-31T16:29:46.228,1,negative,4,yes,human_rating_only,excluded_wrong_sensor_fit,no,"Sensor readings are structurally plausible, but the sensor was worn incorrectly."
Official_run_1,self_20260531_155844,clip_011,32,Levitating,Dua Lipa,Pop,2026-05-31T16:29:54.265,2026-05-31T16:30:14.271,2026-05-31T16:30:16.334,2026-05-31T16:30:46.382,3,positive,4,yes,human_rating_only,excluded_wrong_sensor_fit,no,"Sensor readings are structurally plausible, but the sensor was worn incorrectly."
Official_run_1,self_20260531_155844,clip_094,33,Take On Me,a-ha,Pop,2026-05-31T16:30:53.135,2026-05-31T16:31:13.154,2026-05-31T16:31:15.205,2026-05-31T16:31:45.205,1,negative,4,yes,human_rating_only,excluded_wrong_sensor_fit,no,"Sensor readings are structurally plausible, but the sensor was worn incorrectly."
Official_run_1,self_20260531_155844,clip_108,34,The Trooper,Iron Maiden,Rock,2026-05-31T16:31:53.848,2026-05-31T16:32:13.856,2026-05-31T16:32:15.902,2026-05-31T16:32:45.908,2,neutral,1,yes,human_rating_only,excluded_wrong_sensor_fit,no,"Sensor readings are structurally plausible, but the sensor was worn incorrectly."
Official_run_1,self_20260531_155844,clip_042,35,Symphony No.5 (Beethoven),CJ MAR & Ludwig van Beethoven,Classical,2026-05-31T16:32:55.006,2026-05-31T16:33:15.011,2026-05-31T16:33:17.057,2026-05-31T16:33:47.060,2,neutral,1,yes,human_rating_only,excluded_wrong_sensor_fit,no,"Sensor readings are structurally plausible, but the sensor was worn incorrectly."
Official_run_1,self_20260531_155844,clip_035,36,"Sing, Sing, Sing",Benny Goodman and His Orchestra,Jazz,2026-05-31T16:33:52.294,2026-05-31T16:34:12.301,2026-05-31T16:34:14.349,2026-05-31T16:34:44.368,2,neutral,4,yes,human_rating_only,excluded_wrong_sensor_fit,no,"Sensor readings are structurally plausible, but the sensor was worn incorrectly."
Official_run_1,self_20260531_155844,clip_074,37,Midnight City,M83,Electronic,2026-05-31T16:34:50.963,2026-05-31T16:35:11.013,2026-05-31T16:35:13.064,2026-05-31T16:35:43.066,2,neutral,4,yes,human_rating_only,excluded_wrong_sensor_fit,no,"Sensor readings are structurally plausible, but the sensor was worn incorrectly."
Official_run_1,self_20260531_155844,clip_147,38,Killing in the Name (Live at 2000 Democratic National Convention),Rage Against the Machine,Rock,2026-05-31T16:35:57.641,2026-05-31T16:36:17.672,2026-05-31T16:36:19.717,2026-05-31T16:36:49.732,1,negative,1,yes,human_rating_only,excluded_wrong_sensor_fit,no,"Sensor readings are structurally plausible, but the sensor was worn incorrectly."
Official_run_1,self_20260531_155844,clip_110,39,Chop Suey!,System Of A Down,Hard Rock,2026-05-31T16:36:57.176,2026-05-31T16:37:17.195,2026-05-31T16:37:19.249,2026-05-31T16:37:49.266,1,negative,1,yes,human_rating_only,excluded_wrong_sensor_fit,no,"Sensor readings are structurally plausible, but the sensor was worn incorrectly."
Official_run_1,self_20260531_155844,clip_023,40,Rumble,"Skrillex, Fred again.. & Flowdan",Electronic,2026-05-31T16:37:54.436,2026-05-31T16:38:14.447,2026-05-31T16:38:16.496,2026-05-31T16:38:46.498,2,neutral,1,yes,human_rating_only,excluded_wrong_sensor_fit,no,"Sensor readings are structurally plausible, but the sensor was worn incorrectly."
Official_run_1,self_20260531_155844,clip_072,41,Clarity (feat. Foxes),Zedd,Dance,2026-05-31T16:38:54.059,2026-05-31T16:39:14.066,2026-05-31T16:39:16.118,2026-05-31T16:39:46.134,1,negative,4,yes,human_rating_only,excluded_wrong_sensor_fit,no,"Sensor readings are structurally plausible, but the sensor was worn incorrectly."
Official_run_1,self_20260531_155844,clip_146,42,Sweet Child O' Mine,Guns N' Roses,Rock,2026-05-31T16:39:52.988,2026-05-31T16:40:12.994,2026-05-31T16:40:15.045,2026-05-31T16:40:45.091,1,negative,5,yes,human_rating_only,excluded_wrong_sensor_fit,no,"Sensor readings are structurally plausible, but the sensor was worn incorrectly."
Official_run_1,self_20260531_155844,clip_132,43,"No Woman, No Cry",Bob Marley & The Wailers,Roots Reggae,2026-05-31T16:40:50.221,2026-05-31T16:41:10.241,2026-05-31T16:41:12.295,2026-05-31T16:41:42.306,2,neutral,1,yes,human_rating_only,excluded_wrong_sensor_fit,no,"Sensor readings are structurally plausible, but the sensor was worn incorrectly."
Official_run_1,self_20260531_155844,clip_090,44,Call Me Maybe,Carly Rae Jepsen,Pop,2026-05-31T16:41:50.290,2026-05-31T16:42:10.293,2026-05-31T16:42:12.342,2026-05-31T16:42:42.347,3,positive,4,yes,human_rating_only,excluded_wrong_sensor_fit,no,"Sensor readings are structurally plausible, but the sensor was worn incorrectly."
Official_run_1,self_20260531_155844,clip_001,45,Good Days,SZA,R&B/Soul,2026-05-31T16:42:51.092,2026-05-31T16:43:11.109,2026-05-31T16:43:13.162,2026-05-31T16:43:43.190,2,neutral,1,yes,human_rating_only,excluded_wrong_sensor_fit,no,"Sensor readings are structurally plausible, but the sensor was worn incorrectly."
Official_run_1,self_20260531_155844,clip_149,46,Hallelujah,Jeff Buckley,Holiday,2026-05-31T16:43:48.791,2026-05-31T16:44:08.860,2026-05-31T16:44:10.909,2026-05-31T16:44:40.918,1,negative,4,yes,human_rating_only,excluded_wrong_sensor_fit,no,"Sensor readings are structurally plausible, but the sensor was worn incorrectly."
Official_run_1,self_20260531_155844,clip_038,47,Birdland,Weather Report,Fusion,2026-05-31T16:44:46.562,2026-05-31T16:45:06.579,2026-05-31T16:45:08.630,2026-05-31T16:45:38.642,2,neutral,1,yes,human_rating_only,excluded_wrong_sensor_fit,no,"Sensor readings are structurally plausible, but the sensor was worn incorrectly."
Official_run_1,self_20260531_155844,clip_121,48,Vivir Mi Vida,Marc Anthony,Música tropical,2026-05-31T16:45:47.575,2026-05-31T16:46:07.592,2026-05-31T16:46:09.638,2026-05-31T16:46:39.640,3,positive,2,yes,human_rating_only,excluded_wrong_sensor_fit,no,"Sensor readings are structurally plausible, but the sensor was worn incorrectly."
Official_run_1,self_20260531_155844,clip_093,49,Espresso,Sabrina Carpenter,Pop,2026-05-31T16:46:46.272,2026-05-31T16:47:06.285,2026-05-31T16:47:08.330,2026-05-31T16:47:38.335,3,positive,4,yes,human_rating_only,excluded_wrong_sensor_fit,no,"Sensor readings are structurally plausible, but the sensor was worn incorrectly."
Official_run_1,self_20260531_155844,clip_097,50,Everybody Wants to Rule the World,Tears for Fears,Pop,2026-05-31T16:47:42.944,2026-05-31T16:48:02.953,2026-05-31T16:48:05.011,2026-05-31T16:48:35.028,1,negative,5,yes,human_rating_only,excluded_wrong_sensor_fit,no,"Sensor readings are structurally plausible, but the sensor was worn incorrectly."
Official_run_1,self_20260531_155844,clip_140,51,Everlong,Foo Fighters,Rock,2026-05-31T16:48:40.912,2026-05-31T16:49:00.929,2026-05-31T16:49:02.975,2026-05-31T16:49:32.987,2,neutral,1,yes,human_rating_only,excluded_wrong_sensor_fit,no,"Sensor readings are structurally plausible, but the sensor was worn incorrectly."
Official_run_1,self_20260531_155844,clip_118,52,Despacito,Luis Fonsi & Daddy Yankee,Pop Latino,2026-05-31T16:49:38.887,2026-05-31T16:49:58.896,2026-05-31T16:50:00.943,2026-05-31T16:50:30.954,2,neutral,4,yes,human_rating_only,excluded_wrong_sensor_fit,no,"Sensor readings are structurally plausible, but the sensor was worn incorrectly."
Official_run_1,self_20260531_155844,clip_039,53,'Round Midnight,Thelonious Monk,Jazz,2026-05-31T16:50:39.684,2026-05-31T16:50:59.735,2026-05-31T16:51:01.782,2026-05-31T16:51:31.802,2,neutral,1,yes,human_rating_only,excluded_wrong_sensor_fit,no,"Sensor readings are structurally plausible, but the sensor was worn incorrectly."
Official_run_1,self_20260531_155844,clip_137,54,Blue Monday,New Order,Alternative,2026-05-31T16:51:36.459,2026-05-31T16:51:56.463,2026-05-31T16:51:58.512,2026-05-31T16:52:28.515,3,positive,1,yes,human_rating_only,excluded_wrong_sensor_fit,no,"Sensor readings are structurally plausible, but the sensor was worn incorrectly."
Official_run_1,self_20260531_155844,clip_084,55,As It Was,Harry Styles,Pop,2026-05-31T16:53:29.777,2026-05-31T16:53:49.784,2026-05-31T16:53:51.835,2026-05-31T16:54:21.841,1,negative,4,yes,human_rating_only,excluded_wrong_sensor_fit,no,"Sensor readings are structurally plausible, but the sensor was worn incorrectly."
Official_run_1,self_20260531_155844,clip_125,56,Hips Don't Lie (feat. Wyclef Jean),Shakira,Pop Latino,2026-05-31T16:54:29.113,2026-05-31T16:54:49.116,2026-05-31T16:54:51.170,2026-05-31T16:55:21.188,3,positive,4,yes,human_rating_only,excluded_wrong_sensor_fit,no,"Sensor readings are structurally plausible, but the sensor was worn incorrectly."
Official_run_1,self_20260531_155844,clip_113,57,Ace of Spades,Motörhead,Metal,2026-05-31T16:55:26.866,2026-05-31T16:55:46.882,2026-05-31T16:55:48.939,2026-05-31T16:56:18.964,2,neutral,1,yes,human_rating_only,excluded_wrong_sensor_fit,no,"Sensor readings are structurally plausible, but the sensor was worn incorrectly."
Official_run_1,self_20260531_155844,clip_077,58,Opus,Eric Prydz,Dance,2026-05-31T16:56:24.459,2026-05-31T16:56:44.460,2026-05-31T16:56:46.508,2026-05-31T16:57:16.527,2,neutral,1,yes,human_rating_only,excluded_wrong_sensor_fit,no,"Sensor readings are structurally plausible, but the sensor was worn incorrectly."
Official_run_1,self_20260531_155844,clip_134,59,Dog Days Are Over,Florence + the Machine,Alternative,2026-05-31T16:57:22.220,2026-05-31T16:57:42.237,2026-05-31T16:57:44.290,2026-05-31T16:58:14.304,2,neutral,4,yes,human_rating_only,excluded_wrong_sensor_fit,no,"Sensor readings are structurally plausible, but the sensor was worn incorrectly."
Official_run_1,self_20260531_155844,clip_024,60,Take Five,Dave Brubeck,Jazz,2026-05-31T16:58:21.483,2026-05-31T16:58:41.487,2026-05-31T16:58:43.600,2026-05-31T16:59:13.613,2,neutral,4,yes,human_rating_only,excluded_wrong_sensor_fit,no,"Sensor readings are structurally plausible, but the sensor was worn incorrectly."
Official_run_1,self_20260531_220954,clip_198,1,Silk Chiffon (feat. Phoebe Bridgers),MUNA,Alternative,2026-05-31T22:09:56.671,2026-05-31T22:10:16.678,2026-05-31T22:10:18.723,2026-05-31T22:10:48.731,3,positive,1,yes,human_rating_only,excluded_questionable_sensor_fit,no,Sensor placement was still being corrected during this block.
Official_run_1,self_20260531_220954,clip_205,2,Ceremony,New Order,Pop,2026-05-31T22:10:56.229,2026-05-31T22:11:16.231,2026-05-31T22:11:18.278,2026-05-31T22:11:48.291,2,neutral,1,yes,human_rating_only,excluded_questionable_sensor_fit,no,Sensor placement was still being corrected during this block.
Official_run_1,self_20260531_220954,clip_172,3,Raydar,JID,Hip-Hop/Rap,2026-05-31T22:11:54.789,2026-05-31T22:12:14.802,2026-05-31T22:12:16.851,2026-05-31T22:12:46.877,3,positive,1,yes,human_rating_only,excluded_questionable_sensor_fit,no,Sensor placement was still being corrected during this block.
Official_run_1,self_20260531_220954,clip_173,4,None Shall Pass,Aesop Rock,Hip-Hop/Rap,2026-05-31T22:12:54.968,2026-05-31T22:13:14.976,2026-05-31T22:13:17.019,2026-05-31T22:13:47.022,2,neutral,1,yes,human_rating_only,excluded_questionable_sensor_fit,no,Sensor placement was still being corrected during this block.
Official_run_1,self_20260531_220954,clip_200,5,Killshot,Magdalena Bay,Indie Pop,2026-05-31T22:13:56.852,2026-05-31T22:14:16.871,2026-05-31T22:14:18.918,2026-05-31T22:14:48.937,3,positive,1,yes,human_rating_only,excluded_questionable_sensor_fit,no,Sensor placement was still being corrected during this block.
Official_run_1,self_20260531_220954,clip_168,6,"Sicilienne, Op. 78",Yo-Yo Ma & Kathryn Stott,Classical,2026-05-31T22:14:57.438,2026-05-31T22:15:17.443,2026-05-31T22:15:19.485,2026-05-31T22:15:49.494,2,neutral,1,yes,human_rating_only,excluded_questionable_sensor_fit,no,Sensor placement was still being corrected during this block.
Official_run_1,self_20260531_220954,clip_192,7,Cirrus,Bonobo,Electronic,2026-05-31T22:15:55.091,2026-05-31T22:16:15.103,2026-05-31T22:16:17.150,2026-05-31T22:16:47.171,2,neutral,1,yes,human_rating_only,excluded_questionable_sensor_fit,no,Sensor placement was still being corrected during this block.
Official_run_1,self_20260531_220954,clip_215,8,Ghost of Perdition,Opeth,Metal,2026-05-31T22:17:07.055,2026-05-31T22:17:27.069,2026-05-31T22:17:29.119,2026-05-31T22:17:59.134,1,negative,1,yes,human_rating_only,excluded_questionable_sensor_fit,no,Sensor placement was still being corrected during this block.
Official_run_1,self_20260531_220954,clip_208,9,A Forest,The Cure,Alternative,2026-05-31T22:18:19.991,2026-05-31T22:18:39.998,2026-05-31T22:18:42.047,2026-05-31T22:19:12.064,2,neutral,1,yes,human_rating_only,excluded_questionable_sensor_fit,no,Sensor placement was still being corrected during this block.
Official_run_1,self_20260531_220954,clip_184,10,Glue,Bicep,Electronic,2026-05-31T22:19:24.620,2026-05-31T22:19:44.667,2026-05-31T22:19:46.710,2026-05-31T22:20:16.752,2,neutral,1,yes,human_rating_only,excluded_questionable_sensor_fit,no,Sensor placement was still being corrected during this block.
Official_run_1,self_20260531_220954,clip_229,11,Pa’ Dónde Se Fue,Mon Laferte,Rock y Alternativo,2026-05-31T22:20:30.085,2026-05-31T22:20:50.100,2026-05-31T22:20:52.146,2026-05-31T22:21:22.156,2,neutral,1,yes,human_rating_only,excluded_questionable_sensor_fit,no,Sensor placement was still being corrected during this block.
Official_run_1,self_20260531_220954,clip_207,12,Love My Way,The Psychedelic Furs,New Wave,2026-05-31T22:21:28.575,2026-05-31T22:21:48.595,2026-05-31T22:21:50.643,2026-05-31T22:22:20.646,1,negative,1,yes,human_rating_only,excluded_questionable_sensor_fit,no,Sensor placement was still being corrected during this block.
Official_run_1,self_20260531_220954,clip_196,13,Show Me How,Men I Trust,Pop,2026-05-31T22:22:55.679,2026-05-31T22:23:15.695,2026-05-31T22:23:17.742,2026-05-31T22:23:47.760,1,negative,4,yes,human_rating_only,excluded_questionable_sensor_fit,no,Sensor placement was still being corrected during this block.
Official_run_1,self_20260531_220954,clip_204,14,Saw You In A Dream,The Japanese House,Alternative,2026-05-31T22:24:13.725,2026-05-31T22:24:33.736,2026-05-31T22:24:35.790,2026-05-31T22:25:05.790,1,negative,1,yes,human_rating_only,excluded_questionable_sensor_fit,no,Sensor placement was still being corrected during this block.
Official_run_1,self_20260531_220954,clip_185,15,Kerala,Bonobo,Electronic,2026-05-31T22:25:12.884,2026-05-31T22:25:32.907,2026-05-31T22:25:34.956,2026-05-31T22:26:04.970,3,positive,1,yes,human_rating_only,excluded_questionable_sensor_fit,no,Sensor placement was still being corrected during this block.
Official_run_1,self_20260531_220954,clip_195,16,Dreams Tonite,Alvvays,Alternative,2026-05-31T22:26:13.496,2026-05-31T22:26:33.506,2026-05-31T22:26:35.553,2026-05-31T22:27:05.555,1,negative,1,yes,human_rating_only,excluded_questionable_sensor_fit,no,Sensor placement was still being corrected during this block.
Official_run_1,self_20260531_220954,clip_223,17,Hasta la Raíz,Natalia Lafourcade,Pop Latino,2026-05-31T22:27:13.381,2026-05-31T22:27:33.386,2026-05-31T22:27:35.431,2026-05-31T22:28:05.443,2,neutral,1,yes,human_rating_only,excluded_disconnected_lead_artifact,no,Disconnected lead produced a repetitive artificial oscillation.
Official_run_1,self_20260531_220954,clip_221,18,Selkies: The Endless Obsession,Between the Buried and Me,Metal,2026-05-31T22:28:10.999,2026-05-31T22:28:31.002,2026-05-31T22:28:33.048,2026-05-31T22:29:03.053,1,negative,1,yes,human_rating_only,excluded_disconnected_lead_artifact,no,Disconnected lead produced a repetitive artificial oscillation.
Official_run_1,self_20260531_220954,clip_232,19,Tuyo,Rodrigo Amarante,Soundtrack,2026-05-31T22:29:12.450,2026-05-31T22:29:32.461,2026-05-31T22:29:34.511,2026-05-31T22:30:04.540,1,negative,3,yes,human_rating_only,excluded_disconnected_lead_artifact,no,Disconnected lead produced a repetitive artificial oscillation.
Official_run_1,self_20260531_220954,clip_191,20,A Walk,Tycho,Electronic,2026-05-31T22:30:14.224,2026-05-31T22:30:34.236,2026-05-31T22:30:36.284,2026-05-31T22:31:06.290,2,neutral,1,yes,human_rating_only,excluded_disconnected_lead_artifact,no,Disconnected lead produced a repetitive artificial oscillation.
Official_run_1,self_20260531_220954,clip_186,21,Atlas,Lane 8,Dance,2026-05-31T22:31:20.214,2026-05-31T22:31:40.234,2026-05-31T22:31:42.284,2026-05-31T22:32:12.304,2,neutral,1,yes,human_rating_only,excluded_disconnected_lead_artifact,no,Disconnected lead produced a repetitive artificial oscillation.
Official_run_1,self_20260531_220954,clip_201,22,So Hot You're Hurting My Feelings,Caroline Polachek,Indie Pop,2026-05-31T22:32:18.359,2026-05-31T22:32:38.372,2026-05-31T22:32:40.419,2026-05-31T22:33:10.435,2,neutral,1,yes,human_rating_only,excluded_disconnected_lead_artifact,no,Disconnected lead produced a repetitive artificial oscillation.
Official_run_1,self_20260531_220954,clip_240,23,Roads,Portishead,Electronic,2026-05-31T22:33:17.292,2026-05-31T22:33:37.300,2026-05-31T22:33:39.360,2026-05-31T22:34:09.362,1,negative,1,yes,human_rating_only,excluded_disconnected_lead_artifact,no,Disconnected lead produced a repetitive artificial oscillation.
Official_run_1,self_20260531_220954,clip_213,24,Flying Whales,GOJIRA,Metal,2026-05-31T22:34:13.489,2026-05-31T22:34:33.505,2026-05-31T22:34:35.549,2026-05-31T22:35:05.557,1,negative,1,yes,human_rating_only,excluded_disconnected_lead_artifact,no,Disconnected lead produced a repetitive artificial oscillation.
Official_run_1,self_20260531_220954,clip_206,25,Life's What You Make It,Talk Talk,Rock,2026-05-31T22:35:12.553,2026-05-31T22:35:32.569,2026-05-31T22:35:34.617,2026-05-31T22:36:04.620,2,neutral,1,yes,human_rating_only,excluded_disconnected_lead_artifact,no,Disconnected lead produced a repetitive artificial oscillation.
Official_run_1,self_20260531_220954,clip_226,26,Eres,Café Tacvba,Rock y Alternativo,2026-05-31T22:36:14.299,2026-05-31T22:36:34.300,2026-05-31T22:36:36.344,2026-05-31T22:37:06.351,1,negative,1,yes,human_rating_only,excluded_disconnected_lead_artifact,no,Disconnected lead produced a repetitive artificial oscillation.
Official_run_1,self_20260531_220954,clip_161,27,Pavane pour une infante défunte (Arr. Linos Piano Trio),Linos Piano Trio,Classical,2026-05-31T22:37:17.568,2026-05-31T22:37:37.580,2026-05-31T22:37:39.632,2026-05-31T22:38:09.652,1,negative,1,yes,human_rating_only,excluded_disconnected_lead_artifact,no,Disconnected lead produced a repetitive artificial oscillation.
Official_run_1,self_20260531_220954,clip_158,28,Moanin',Charles Mingus,Jazz,2026-05-31T22:38:14.578,2026-05-31T22:38:34.586,2026-05-31T22:38:36.633,2026-05-31T22:39:06.650,2,neutral,1,yes,human_rating_only,excluded_disconnected_lead_artifact,no,Disconnected lead produced a repetitive artificial oscillation.
Official_run_1,self_20260531_220954,clip_159,29,Footprints,Wayne Shorter,Jazz,2026-05-31T22:39:10.986,2026-05-31T22:39:31.017,2026-05-31T22:39:33.061,2026-05-31T22:40:03.062,2,neutral,4,yes,human_rating_only,excluded_disconnected_lead_artifact,no,Disconnected lead produced a repetitive artificial oscillation.
Official_run_1,self_20260531_220954,clip_176,30,Norf Norf,Vince Staples,Hip-Hop/Rap,2026-05-31T22:40:10.095,2026-05-31T22:40:30.114,2026-05-31T22:40:32.162,2026-05-31T22:41:02.167,1,negative,1,yes,human_rating_only,excluded_disconnected_lead_artifact,no,Disconnected lead produced a repetitive artificial oscillation.
Official_run_1,self_20260531_220954,clip_193,31,Two Thousand and Seventeen,Four Tet,Electronic,2026-05-31T22:41:07.681,2026-05-31T22:41:27.702,2026-05-31T22:41:29.751,2026-05-31T22:41:59.755,2,neutral,1,yes,human_rating_only,excluded_disconnected_lead_artifact,no,Disconnected lead produced a repetitive artificial oscillation.
Official_run_1,self_20260531_220954,clip_203,32,Your Best American Girl,Mitski,Indie Rock,2026-05-31T22:42:18.498,2026-05-31T22:42:38.521,2026-05-31T22:42:40.566,2026-05-31T22:43:10.579,1,negative,1,yes,human_rating_only,excluded_reconnection_transient,no,Brief reconnection window is too transient to trust as primary biometric data.
Official_run_1,self_20260531_220954,clip_219,33,Digital Bath,Deftones,Hard Rock,2026-05-31T22:43:18.274,2026-05-31T22:43:38.278,2026-05-31T22:43:40.328,2026-05-31T22:44:10.329,1,negative,1,yes,human_rating_only,excluded_reconnection_transient,no,Brief reconnection window is too transient to trust as primary biometric data.
Official_run_1,self_20260531_220954,clip_210,34,The Killing Moon,Echo & The Bunnymen,Pop,2026-05-31T22:44:15.944,2026-05-31T22:44:35.988,2026-05-31T22:44:38.033,2026-05-31T22:45:08.042,1,negative,1,yes,human_rating_only,excluded_reconnection_transient,no,Brief reconnection window is too transient to trust as primary biometric data.
Official_run_1,self_20260531_220954,clip_222,35,Marigold,Periphery,Metal,2026-05-31T22:45:13.148,2026-05-31T22:45:33.151,2026-05-31T22:45:35.194,2026-05-31T22:46:05.213,1,negative,1,yes,human_rating_only,excluded_reconnection_transient,no,Brief reconnection window is too transient to trust as primary biometric data.
Official_run_1,self_20260531_220954,clip_234,36,Your Hand In Mine,Explosions In the Sky,Rock,2026-05-31T22:46:10.662,2026-05-31T22:46:30.674,2026-05-31T22:46:32.723,2026-05-31T22:47:02.741,1,negative,1,yes,human_rating_only,excluded_disconnected_lead_artifact,no,Disconnected lead produced a repetitive artificial oscillation.
Official_run_1,self_20260531_220954,clip_217,37,Bleed,Meshuggah,Death Metal/Black Metal,2026-05-31T22:47:07.771,2026-05-31T22:47:27.776,2026-05-31T22:47:29.826,2026-05-31T22:47:59.841,1,negative,1,yes,human_rating_only,excluded_disconnected_lead_artifact,no,Disconnected lead produced a repetitive artificial oscillation.
Official_run_1,self_20260531_220954,clip_181,38,Gang Signs (feat. ScHoolboy Q),Freddie Gibbs,Hip-Hop/Rap,2026-05-31T22:48:04.282,2026-05-31T22:48:24.294,2026-05-31T22:48:26.339,2026-05-31T22:48:56.374,2,neutral,1,yes,human_rating_only,excluded_disconnected_lead_artifact,no,Disconnected lead produced a repetitive artificial oscillation.
Official_run_1,self_20260531_220954,clip_179,39,DEVASTATED,Joey Bada$$,Hip-Hop/Rap,2026-05-31T22:49:00.732,2026-05-31T22:49:20.750,2026-05-31T22:49:22.799,2026-05-31T22:49:52.804,2,neutral,1,yes,human_rating_only,excluded_disconnected_lead_artifact,no,Disconnected lead produced a repetitive artificial oscillation.
Official_run_1,self_20260531_220954,clip_175,40,All Caps,Madvillain,Hip-Hop/Rap,2026-05-31T22:50:05.143,2026-05-31T22:50:25.144,2026-05-31T22:50:27.193,2026-05-31T22:50:57.194,2,neutral,1,yes,human_rating_only,excluded_disconnected_lead_artifact,no,Disconnected lead produced a repetitive artificial oscillation.
Official_run_1,self_20260531_220954,clip_194,41,Open Eye Signal (Remaster 2023),Jon Hopkins,Electronic,2026-05-31T23:00:30.209,2026-05-31T23:00:50.218,2026-05-31T23:00:52.263,2026-05-31T23:01:22.270,2,neutral,1,yes,human_rating_only,excluded_disconnected_lead_artifact,no,Disconnected lead produced a repetitive artificial oscillation.
Official_run_1,self_20260531_220954,clip_154,42,Peace Piece,Bill Evans,Jazz,2026-05-31T23:01:27.171,2026-05-31T23:01:47.187,2026-05-31T23:01:49.238,2026-05-31T23:02:19.259,2,neutral,1,yes,human_rating_only,excluded_disconnected_lead_artifact,no,Disconnected lead produced a repetitive artificial oscillation.
Official_run_1,self_20260531_220954,clip_170,43,"Symphony No. 7 in A Major, Op. 92: II. Allegretto",London Symphony Orchestra & Josef Krips,Classical,2026-05-31T23:02:26.373,2026-05-31T23:02:46.379,2026-05-31T23:02:48.428,2026-05-31T23:03:18.429,2,neutral,1,yes,human_rating_only,excluded_disconnected_lead_artifact,no,Disconnected lead produced a repetitive artificial oscillation.
Official_run_1,self_20260531_220954,clip_235,44,Turtles All the Way Down,Sturgill Simpson,Country,2026-05-31T23:03:22.293,2026-05-31T23:03:42.313,2026-05-31T23:03:44.363,2026-05-31T23:04:14.368,2,neutral,1,yes,human_rating_only,excluded_disconnected_lead_artifact,no,Disconnected lead produced a repetitive artificial oscillation.
Official_run_1,self_20260531_220954,clip_231,45,En El 2000,Natalia Lafourcade,Pop Latino,2026-05-31T23:04:48.590,2026-05-31T23:05:08.608,2026-05-31T23:05:10.655,2026-05-31T23:05:40.687,3,positive,1,yes,human_rating_only,excluded_disconnected_lead_artifact,no,Disconnected lead produced a repetitive artificial oscillation.
Official_run_1,self_20260531_220954,clip_180,46,Dance Now,JID & Kenny Mason,Hip-Hop/Rap,2026-05-31T23:05:47.971,2026-05-31T23:06:07.978,2026-05-31T23:06:10.024,2026-05-31T23:06:40.029,2,neutral,1,yes,human_rating_only,excluded_disconnected_lead_artifact,no,Disconnected lead produced a repetitive artificial oscillation.
Official_run_1,self_20260531_220954,clip_152,47,Idle Moments,Grant Green,Jazz,2026-05-31T23:06:49.785,2026-05-31T23:07:09.788,2026-05-31T23:07:11.835,2026-05-31T23:07:41.844,2,neutral,1,yes,human_rating_only,excluded_disconnected_lead_artifact,no,Disconnected lead produced a repetitive artificial oscillation.
Official_run_1,self_20260531_220954,clip_227,48,Vámonos a Marte,Kevin Kaarl,Folk,2026-05-31T23:07:46.015,2026-05-31T23:08:06.035,2026-05-31T23:08:08.081,2026-05-31T23:08:38.085,2,neutral,1,yes,human_rating_only,excluded_disconnected_lead_artifact,no,Disconnected lead produced a repetitive artificial oscillation.
Official_run_1,self_20260531_220954,clip_202,49,Only Acting,Kero Kero Bonito,Alternative,2026-05-31T23:09:04.323,2026-05-31T23:09:24.337,2026-05-31T23:09:26.385,2026-05-31T23:09:56.388,2,neutral,1,yes,human_rating_only,excluded_unverified_capture,no,Capture has not been verified for primary biometric training.
official_run_2,self_20260601_112658,clip_240,1,Roads,Portishead,Electronic,2026-06-01T11:27:00.150,2026-06-01T11:27:20.163,2026-06-01T11:27:22.211,2026-06-01T11:27:52.230,1,negative,1,yes,human_rating_and_verified_eda,approved_clean_reverse_verified,yes,
official_run_2,self_20260601_112658,clip_239,2,The Stable Song,Gregory Alan Isakov,Singer/Songwriter,2026-06-01T11:27:58.592,2026-06-01T11:28:18.602,2026-06-01T11:28:20.649,2026-06-01T11:28:50.662,2,neutral,1,yes,human_rating_and_verified_eda,approved_clean_reverse_verified,yes,
official_run_2,self_20260601_112658,clip_238,3,Postcards from Italy,Beirut,Indie Rock,2026-06-01T11:28:57.154,2026-06-01T11:29:17.157,2026-06-01T11:29:19.210,2026-06-01T11:29:49.229,2,neutral,1,yes,human_rating_and_verified_eda,approved_clean_reverse_verified,yes,
official_run_2,self_20260601_112658,clip_237,4,Bloodbuzz Ohio,The National,Alternative,2026-06-01T11:29:53.282,2026-06-01T11:30:13.282,2026-06-01T11:30:15.330,2026-06-01T11:30:45.331,2,neutral,1,yes,human_rating_and_verified_eda,approved_clean_reverse_verified,yes,
official_run_2,self_20260601_112658,clip_236,5,How Do I Let a Good Man Down?,Sharon Jones & The Dap-Kings,R&B/Soul,2026-06-01T11:30:50.767,2026-06-01T11:31:10.779,2026-06-01T11:31:12.831,2026-06-01T11:31:42.850,2,neutral,1,yes,human_rating_and_verified_eda,approved_clean_reverse_verified,yes,
official_run_2,self_20260601_112658,clip_235,6,Turtles All the Way Down,Sturgill Simpson,Country,2026-06-01T11:31:49.390,2026-06-01T11:32:09.397,2026-06-01T11:32:11.444,2026-06-01T11:32:41.448,2,neutral,1,yes,human_rating_and_verified_eda,approved_clean_reverse_verified,yes,
official_run_2,self_20260601_112658,clip_234,7,Your Hand In Mine,Explosions In the Sky,Rock,2026-06-01T11:32:50.100,2026-06-01T11:33:10.119,2026-06-01T11:33:12.167,2026-06-01T11:33:42.180,2,neutral,1,yes,human_rating_and_verified_eda,approved_clean_reverse_verified,yes,
official_run_2,self_20260601_112658,clip_233,8,Friday Morning,Khruangbin,Indie Rock,2026-06-01T11:34:01.607,2026-06-01T11:34:21.652,2026-06-01T11:34:23.693,2026-06-01T11:34:53.694,3,positive,1,yes,human_rating_and_verified_eda,approved_clean_reverse_verified,yes,
official_run_2,self_20260601_112658,clip_232,9,Tuyo,Rodrigo Amarante,Soundtrack,2026-06-01T11:34:59.146,2026-06-01T11:35:19.208,2026-06-01T11:35:21.254,2026-06-01T11:35:51.290,2,neutral,4,yes,human_rating_and_verified_eda,approved_clean_reverse_verified,yes,
official_run_2,self_20260601_112658,clip_231,10,En El 2000,Natalia Lafourcade,Pop Latino,2026-06-01T11:37:08.967,2026-06-01T11:37:28.987,2026-06-01T11:37:31.043,2026-06-01T11:38:01.059,3,positive,1,yes,human_rating_and_verified_eda,approved_clean_reverse_verified,yes,
official_run_2,self_20260601_112658,clip_230,11,Labios Rotos,ZOE,Rock y Alternativo,2026-06-01T11:38:06.349,2026-06-01T11:38:26.351,2026-06-01T11:38:28.406,2026-06-01T11:38:58.423,1,negative,1,yes,human_rating_and_verified_eda,approved_clean_reverse_verified,yes,
official_run_2,self_20260601_112658,clip_229,12,Pa’ Dónde Se Fue,Mon Laferte,Rock y Alternativo,2026-06-01T11:39:04.145,2026-06-01T11:39:24.151,2026-06-01T11:39:26.203,2026-06-01T11:39:56.217,2,neutral,1,yes,human_rating_and_verified_eda,approved_clean_reverse_verified,yes,
official_run_2,self_20260601_112658,clip_228,13,Amárrame (feat. Juanes),Mon Laferte,Rock y Alternativo,2026-06-01T11:40:03.543,2026-06-01T11:40:23.551,2026-06-01T11:40:25.603,2026-06-01T11:40:55.606,2,neutral,1,yes,human_rating_and_verified_eda,approved_clean_reverse_verified,yes,
official_run_2,self_20260601_112658,clip_227,14,Vámonos a Marte,Kevin Kaarl,Folk,2026-06-01T11:41:03.933,2026-06-01T11:41:23.942,2026-06-01T11:41:25.987,2026-06-01T11:41:56.007,1,negative,1,yes,human_rating_and_verified_eda,approved_clean_reverse_verified,yes,
official_run_2,self_20260601_112658,clip_226,15,Eres,Café Tacvba,Rock y Alternativo,2026-06-01T11:42:02.489,2026-06-01T11:42:22.497,2026-06-01T11:42:24.541,2026-06-01T11:42:54.583,2,neutral,1,yes,human_rating_and_verified_eda,approved_clean_reverse_verified,yes,
official_run_2,self_20260601_112658,clip_225,16,Disfruto,Carla Morrison,Pop Latino,2026-06-01T11:42:59.128,2026-06-01T11:43:19.137,2026-06-01T11:43:21.183,2026-06-01T11:43:51.190,1,negative,1,yes,human_rating_and_verified_eda,approved_clean_reverse_verified,yes,
official_run_2,self_20260601_112658,clip_224,17,To My Love,Bomba Estéreo,Pop Latino,2026-06-01T11:43:57.522,2026-06-01T11:44:17.524,2026-06-01T11:44:19.578,2026-06-01T11:44:49.585,3,positive,1,yes,human_rating_and_verified_eda,approved_clean_reverse_verified,yes,
official_run_2,self_20260601_112658,clip_223,18,Hasta la Raíz,Natalia Lafourcade,Pop Latino,2026-06-01T11:44:59.469,2026-06-01T11:45:19.477,2026-06-01T11:45:21.532,2026-06-01T11:45:51.550,3,positive,1,yes,human_rating_and_verified_eda,approved_clean_reverse_verified,yes,
official_run_2,self_20260601_112658,clip_222,19,Marigold,Periphery,Metal,2026-06-01T11:45:58.082,2026-06-01T11:46:18.099,2026-06-01T11:46:20.156,2026-06-01T11:46:50.170,1,negative,1,yes,human_rating_and_verified_eda,approved_clean_reverse_verified,yes,
official_run_2,self_20260601_112658,clip_221,20,Selkies: The Endless Obsession,Between the Buried and Me,Metal,2026-06-01T11:47:16.119,2026-06-01T11:47:36.121,2026-06-01T11:47:38.172,2026-06-01T11:48:08.185,1,negative,1,yes,human_rating_and_verified_eda,approved_clean_reverse_verified,yes,
official_run_2,self_20260601_112658,clip_220,21,The Art of Dying,GOJIRA,Metal,2026-06-01T11:48:14.604,2026-06-01T11:48:34.621,2026-06-01T11:48:36.667,2026-06-01T11:49:06.672,1,negative,1,yes,human_rating_and_verified_eda,approved_clean_reverse_verified,yes,
official_run_2,self_20260601_112658,clip_219,22,Digital Bath,Deftones,Hard Rock,2026-06-01T11:49:12.849,2026-06-01T11:49:32.849,2026-06-01T11:49:34.894,2026-06-01T11:50:04.906,1,negative,1,yes,human_rating_and_verified_eda,approved_clean_reverse_verified,yes,
official_run_2,self_20260601_112658,clip_218,23,Autre Temps,Alcest,Rock,2026-06-01T11:50:08.727,2026-06-01T11:50:28.742,2026-06-01T11:50:30.789,2026-06-01T11:51:00.801,2,neutral,1,yes,human_rating_and_verified_eda,approved_clean_reverse_verified,yes,
official_run_2,self_20260601_112658,clip_217,24,Bleed,Meshuggah,Death Metal/Black Metal,2026-06-01T11:51:11.697,2026-06-01T11:51:31.735,2026-06-01T11:51:33.779,2026-06-01T11:52:03.797,1,negative,1,yes,human_rating_and_verified_eda,approved_clean_reverse_verified,yes,
official_run_2,self_20260601_112658,clip_216,25,My Curse,Killswitch Engage,Metal,2026-06-01T11:52:13.077,2026-06-01T11:52:33.081,2026-06-01T11:52:35.135,2026-06-01T11:53:05.148,1,negative,1,yes,human_rating_and_verified_eda,approved_clean_reverse_verified,yes,
official_run_2,self_20260601_112658,clip_215,26,Ghost of Perdition,Opeth,Metal,2026-06-01T11:53:09.226,2026-06-01T11:53:29.231,2026-06-01T11:53:31.278,2026-06-01T11:54:01.280,1,negative,1,yes,human_rating_and_verified_eda,approved_clean_reverse_verified,yes,
official_run_2,self_20260601_112658,clip_214,27,Oblivion,Mastodon,Metal,2026-06-01T11:54:09.281,2026-06-01T11:54:29.295,2026-06-01T11:54:31.347,2026-06-01T11:55:01.358,1,negative,1,yes,human_rating_and_verified_eda,approved_clean_reverse_verified,yes,
official_run_2,self_20260601_112658,clip_213,28,Flying Whales,GOJIRA,Metal,2026-06-01T11:55:05.460,2026-06-01T11:55:25.464,2026-06-01T11:55:27.517,2026-06-01T11:55:57.561,1,negative,1,yes,human_rating_and_verified_eda,approved_clean_reverse_verified,yes,
official_run_2,self_20260601_112658,clip_212,29,This Charming Man,The Smiths,Alternative,2026-06-01T11:56:01.354,2026-06-01T11:56:21.366,2026-06-01T11:56:23.420,2026-06-01T11:56:53.427,2,neutral,1,yes,human_rating_and_verified_eda,approved_clean_reverse_verified,yes,
official_run_2,self_20260601_112658,clip_211,30,Enola Gay,Orchestral Manoeuvres In the Dark,Pop,2026-06-01T11:57:01.886,2026-06-01T11:57:21.893,2026-06-01T11:57:23.938,2026-06-01T11:57:53.940,2,neutral,1,yes,human_rating_and_verified_eda,approved_clean_reverse_verified,yes,
official_run_2,self_20260601_112658,clip_210,31,The Killing Moon,Echo & The Bunnymen,Pop,2026-06-01T11:58:02.543,2026-06-01T11:58:22.545,2026-06-01T11:58:24.594,2026-06-01T11:58:54.595,1,negative,2,yes,human_rating_and_verified_eda,approved_clean_reverse_verified,yes,
official_run_2,self_20260601_112658,clip_209,32,Cities In Dust,Siouxsie & The Banshees,Rock,2026-06-01T11:59:01.067,2026-06-01T11:59:21.077,2026-06-01T11:59:23.126,2026-06-01T11:59:53.140,1,negative,1,yes,human_rating_and_verified_eda,approved_clean_reverse_verified,yes,
official_run_2,self_20260601_112658,clip_208,33,A Forest,The Cure,Alternative,2026-06-01T12:00:11.318,2026-06-01T12:00:31.332,2026-06-01T12:00:33.380,2026-06-01T12:01:03.395,1,negative,1,yes,human_rating_and_verified_eda,approved_clean_reverse_verified,yes,
official_run_2,self_20260601_112658,clip_207,34,Love My Way,The Psychedelic Furs,New Wave,2026-06-01T12:01:08.719,2026-06-01T12:01:28.731,2026-06-01T12:01:30.784,2026-06-01T12:02:00.828,1,negative,1,yes,human_rating_and_verified_eda,approved_clean_reverse_verified,yes,
official_run_2,self_20260601_112658,clip_206,35,Life's What You Make It,Talk Talk,Rock,2026-06-01T12:02:05.630,2026-06-01T12:02:25.637,2026-06-01T12:02:27.685,2026-06-01T12:02:57.700,3,positive,1,yes,human_rating_and_verified_eda,approved_clean_reverse_verified,yes,
official_run_2,self_20260601_112658,clip_205,36,Ceremony,New Order,Pop,2026-06-01T12:03:11.352,2026-06-01T12:03:31.355,2026-06-01T12:03:33.413,2026-06-01T12:04:03.434,2,neutral,1,yes,human_rating_and_verified_eda,approved_clean_reverse_verified,yes,
official_run_2,self_20260601_112658,clip_204,37,Saw You In A Dream,The Japanese House,Alternative,2026-06-01T12:04:44.709,2026-06-01T12:05:04.713,2026-06-01T12:05:06.760,2026-06-01T12:05:36.780,2,neutral,1,yes,human_rating_and_verified_eda,approved_clean_reverse_verified,yes,
official_run_2,self_20260601_112658,clip_203,38,Your Best American Girl,Mitski,Indie Rock,2026-06-01T12:05:43.096,2026-06-01T12:06:03.118,2026-06-01T12:06:05.180,2026-06-01T12:06:35.195,1,negative,1,yes,human_rating_and_verified_eda,approved_clean_reverse_verified,yes,
official_run_2,self_20260601_112658,clip_202,39,Only Acting,Kero Kero Bonito,Alternative,2026-06-01T12:06:41.275,2026-06-01T12:07:01.276,2026-06-01T12:07:03.322,2026-06-01T12:07:33.327,3,positive,1,yes,human_rating_and_verified_eda,approved_clean_reverse_verified,yes,
official_run_2,self_20260601_112658,clip_201,40,So Hot You're Hurting My Feelings,Caroline Polachek,Indie Pop,2026-06-01T12:07:37.312,2026-06-01T12:07:57.321,2026-06-01T12:07:59.378,2026-06-01T12:08:29.391,3,positive,2,yes,human_rating_and_verified_eda,approved_clean_reverse_verified,yes,
